<?xml version="1.0" encoding="UTF-8"?>
<GenRun Id="synth_1" LaunchPart="xc7z010clg400-1" LaunchTime="1671265584" LaunchIncrCheckpoint="$PSRCDIR/utils_1/imports/synth_1/DataPath.dcp">
  <File Type="PA-TCL" Name="DataPath.tcl"/>
  <File Type="REPORTS-TCL" Name="DataPath_reports.tcl"/>
  <File Type="RDS-RDS" Name="DataPath.vds"/>
  <File Type="RDS-UTIL" Name="DataPath_utilization_synth.rpt"/>
  <File Type="RDS-UTIL-PB" Name="DataPath_utilization_synth.pb"/>
  <File Type="RDS-DCP" Name="DataPath.dcp"/>
  <FileSet Name="sources" Type="DesignSrcs" RelSrcDir="$PSRCDIR/sources_1" RelGenDir="$PGENDIR/sources_1">
    <Filter Type="Srcs"/>
    <File Path="$PSRCDIR/sources_1/imports/Lab3/Alu.v">
      <FileInfo>
        <Attr Name="ImportPath" Val="$PPRDIR/../../OneDrive/Pictures/Lab4_CMPEN331/Lab4/Lab4.srcs/sources_1/imports/Lab3/Alu.v"/>
        <Attr Name="ImportTime" Val="1668461160"/>
        <Attr Name="UsedIn" Val="synthesis"/>
        <Attr Name="UsedIn" Val="implementation"/>
        <Attr Name="UsedIn" Val="simulation"/>
      </FileInfo>
    </File>
    <File Path="$PSRCDIR/sources_1/imports/Lab3/AluMux.v">
      <FileInfo>
        <Attr Name="ImportPath" Val="$PPRDIR/../../OneDrive/Pictures/Lab4_CMPEN331/Lab4/Lab4.srcs/sources_1/imports/Lab3/AluMux.v"/>
        <Attr Name="ImportTime" Val="1668375195"/>
        <Attr Name="UsedIn" Val="synthesis"/>
        <Attr Name="UsedIn" Val="implementation"/>
        <Attr Name="UsedIn" Val="simulation"/>
      </FileInfo>
    </File>
    <File Path="$PSRCDIR/sources_1/imports/Lab3/ControlUnit.v">
      <FileInfo>
        <Attr Name="ImportPath" Val="$PPRDIR/../../OneDrive/Pictures/Lab4_CMPEN331/Lab4/Lab4.srcs/sources_1/imports/Lab3/ControlUnit.v"/>
        <Attr Name="ImportTime" Val="1667843368"/>
        <Attr Name="UsedIn" Val="synthesis"/>
        <Attr Name="UsedIn" Val="implementation"/>
        <Attr Name="UsedIn" Val="simulation"/>
      </FileInfo>
    </File>
    <File Path="$PSRCDIR/sources_1/imports/Lab3/DataMemory.v">
      <FileInfo>
        <Attr Name="ImportPath" Val="$PPRDIR/../../OneDrive/Pictures/Lab4_CMPEN331/Lab4/Lab4.srcs/sources_1/imports/Lab3/DataMemory.v"/>
        <Attr Name="ImportTime" Val="1668463490"/>
        <Attr Name="UsedIn" Val="synthesis"/>
        <Attr Name="UsedIn" Val="implementation"/>
        <Attr Name="UsedIn" Val="simulation"/>
      </FileInfo>
    </File>
    <File Path="$PSRCDIR/sources_1/imports/Lab3/EXEMEMPipelineRegister.v">
      <FileInfo>
        <Attr Name="ImportPath" Val="$PPRDIR/../../OneDrive/Pictures/Lab4_CMPEN331/Lab4/Lab4.srcs/sources_1/imports/Lab3/EXEMEMPipelineRegister.v"/>
        <Attr Name="ImportTime" Val="1668460268"/>
        <Attr Name="UsedIn" Val="synthesis"/>
        <Attr Name="UsedIn" Val="implementation"/>
        <Attr Name="UsedIn" Val="simulation"/>
      </FileInfo>
    </File>
    <File Path="$PSRCDIR/sources_1/new/FWDMuxA.v">
      <FileInfo>
        <Attr Name="ImportPath" Val="$PPRDIR/../../OneDrive/Documents/Lab5_IAY5011/Lab5_IAY5011.srcs/sources_1/new/FWDMuxA.v"/>
        <Attr Name="ImportTime" Val="1671225390"/>
        <Attr Name="UsedIn" Val="synthesis"/>
        <Attr Name="UsedIn" Val="implementation"/>
        <Attr Name="UsedIn" Val="simulation"/>
      </FileInfo>
    </File>
    <File Path="$PSRCDIR/sources_1/new/FWDMuxB.v">
      <FileInfo>
        <Attr Name="ImportPath" Val="$PPRDIR/../../OneDrive/Documents/Lab5_IAY5011/Lab5_IAY5011.srcs/sources_1/new/FWDMuxB.v"/>
        <Attr Name="ImportTime" Val="1671225655"/>
        <Attr Name="UsedIn" Val="synthesis"/>
        <Attr Name="UsedIn" Val="implementation"/>
        <Attr Name="UsedIn" Val="simulation"/>
      </FileInfo>
    </File>
    <File Path="$PSRCDIR/sources_1/imports/Lab3/IDEXEPipelineRegister.v">
      <FileInfo>
        <Attr Name="ImportPath" Val="$PPRDIR/../../OneDrive/Pictures/Lab4_CMPEN331/Lab4/Lab4.srcs/sources_1/imports/Lab3/IDEXEPipelineRegister.v"/>
        <Attr Name="ImportTime" Val="1667837389"/>
        <Attr Name="UsedIn" Val="synthesis"/>
        <Attr Name="UsedIn" Val="implementation"/>
        <Attr Name="UsedIn" Val="simulation"/>
      </FileInfo>
    </File>
    <File Path="$PSRCDIR/sources_1/imports/Lab3/IFIDPipelineRegister.v">
      <FileInfo>
        <Attr Name="ImportPath" Val="$PPRDIR/../../OneDrive/Pictures/Lab4_CMPEN331/Lab4/Lab4.srcs/sources_1/imports/Lab3/IFIDPipelineRegister.v"/>
        <Attr Name="ImportTime" Val="1667837377"/>
        <Attr Name="UsedIn" Val="synthesis"/>
        <Attr Name="UsedIn" Val="implementation"/>
        <Attr Name="UsedIn" Val="simulation"/>
      </FileInfo>
    </File>
    <File Path="$PSRCDIR/sources_1/imports/Lab3/ImmediateExtender.v">
      <FileInfo>
        <Attr Name="ImportPath" Val="$PPRDIR/../../OneDrive/Pictures/Lab4_CMPEN331/Lab4/Lab4.srcs/sources_1/imports/Lab3/ImmediateExtender.v"/>
        <Attr Name="ImportTime" Val="1667843379"/>
        <Attr Name="UsedIn" Val="synthesis"/>
        <Attr Name="UsedIn" Val="implementation"/>
        <Attr Name="UsedIn" Val="simulation"/>
      </FileInfo>
    </File>
    <File Path="$PSRCDIR/sources_1/imports/Lab3/InstructionMemory.v">
      <FileInfo>
        <Attr Name="ImportPath" Val="$PPRDIR/../../OneDrive/Pictures/Lab4_CMPEN331/Lab4/Lab4.srcs/sources_1/imports/Lab3/InstructionMemory.v"/>
        <Attr Name="ImportTime" Val="1668815833"/>
        <Attr Name="UsedIn" Val="synthesis"/>
        <Attr Name="UsedIn" Val="implementation"/>
        <Attr Name="UsedIn" Val="simulation"/>
      </FileInfo>
    </File>
    <File Path="$PSRCDIR/sources_1/imports/Lab3/MEMWBPipelineRegister.v">
      <FileInfo>
        <Attr Name="ImportPath" Val="$PPRDIR/../../OneDrive/Pictures/Lab4_CMPEN331/Lab4/Lab4.srcs/sources_1/imports/Lab3/MEMWBPipelineRegister.v"/>
        <Attr Name="ImportTime" Val="1668461373"/>
        <Attr Name="UsedIn" Val="synthesis"/>
        <Attr Name="UsedIn" Val="implementation"/>
        <Attr Name="UsedIn" Val="simulation"/>
      </FileInfo>
    </File>
    <File Path="$PSRCDIR/sources_1/imports/Lab3/PcAdder.v">
      <FileInfo>
        <Attr Name="ImportPath" Val="$PPRDIR/../../OneDrive/Pictures/Lab4_CMPEN331/Lab4/Lab4.srcs/sources_1/imports/Lab3/PcAdder.v"/>
        <Attr Name="ImportTime" Val="1667859706"/>
        <Attr Name="UsedIn" Val="synthesis"/>
        <Attr Name="UsedIn" Val="implementation"/>
        <Attr Name="UsedIn" Val="simulation"/>
      </FileInfo>
    </File>
    <File Path="$PSRCDIR/sources_1/imports/Lab3/ProgramCounter.v">
      <FileInfo>
        <Attr Name="ImportPath" Val="$PPRDIR/../../OneDrive/Pictures/Lab4_CMPEN331/Lab4/Lab4.srcs/sources_1/imports/Lab3/ProgramCounter.v"/>
        <Attr Name="ImportTime" Val="1667851347"/>
        <Attr Name="UsedIn" Val="synthesis"/>
        <Attr Name="UsedIn" Val="implementation"/>
        <Attr Name="UsedIn" Val="simulation"/>
      </FileInfo>
    </File>
    <File Path="$PSRCDIR/sources_1/imports/Lab3/RegisterFile.v">
      <FileInfo>
        <Attr Name="ImportPath" Val="$PPRDIR/../../OneDrive/Pictures/Lab4_CMPEN331/Lab4/Lab4.srcs/sources_1/imports/Lab3/RegisterFile.v"/>
        <Attr Name="ImportTime" Val="1667843400"/>
        <Attr Name="UsedIn" Val="synthesis"/>
        <Attr Name="UsedIn" Val="implementation"/>
        <Attr Name="UsedIn" Val="simulation"/>
      </FileInfo>
    </File>
    <File Path="$PSRCDIR/sources_1/imports/Lab3/RegrtMux.v">
      <FileInfo>
        <Attr Name="ImportPath" Val="$PPRDIR/../../OneDrive/Pictures/Lab4_CMPEN331/Lab4/Lab4.srcs/sources_1/imports/Lab3/RegrtMux.v"/>
        <Attr Name="ImportTime" Val="1667843412"/>
        <Attr Name="UsedIn" Val="synthesis"/>
        <Attr Name="UsedIn" Val="implementation"/>
        <Attr Name="UsedIn" Val="simulation"/>
      </FileInfo>
    </File>
    <File Path="$PSRCDIR/sources_1/new/WbMux.v">
      <FileInfo>
        <Attr Name="ImportPath" Val="$PPRDIR/../../OneDrive/Documents/Lab5_IAY5011/Lab5_IAY5011.srcs/sources_1/new/WbMux.v"/>
        <Attr Name="ImportTime" Val="1670363412"/>
        <Attr Name="UsedIn" Val="synthesis"/>
        <Attr Name="UsedIn" Val="implementation"/>
        <Attr Name="UsedIn" Val="simulation"/>
      </FileInfo>
    </File>
    <File Path="$PSRCDIR/sources_1/imports/Lab3/DataPath.v">
      <FileInfo>
        <Attr Name="ImportPath" Val="$PPRDIR/../../OneDrive/Pictures/Lab4_CMPEN331/Lab4/Lab4.srcs/sources_1/imports/Lab3/DataPath.v"/>
        <Attr Name="ImportTime" Val="1668464125"/>
        <Attr Name="UsedIn" Val="synthesis"/>
        <Attr Name="UsedIn" Val="implementation"/>
        <Attr Name="UsedIn" Val="simulation"/>
      </FileInfo>
    </File>
    <Config>
      <Option Name="DesignMode" Val="RTL"/>
      <Option Name="TopModule" Val="DataPath"/>
      <Option Name="TopAutoSet" Val="TRUE"/>
    </Config>
  </FileSet>
  <FileSet Name="constrs_in" Type="Constrs" RelSrcDir="$PSRCDIR/constrs_1">
    <Filter Type="Constrs"/>
    <Config>
      <Option Name="ConstrsType" Val="XDC"/>
    </Config>
  </FileSet>
  <FileSet Name="utils" Type="Utils" RelSrcDir="$PSRCDIR/utils_1">
    <Filter Type="Utils"/>
    <File Path="$PSRCDIR/utils_1/imports/synth_1/DataPath.dcp">
      <FileInfo>
        <Attr Name="ImportPath" Val="$PPRDIR/../../OneDrive/Documents/Lab5_IAY5011/Lab5_IAY5011.srcs/utils_1/imports/synth_1/DataPath.dcp"/>
        <Attr Name="ImportTime" Val="1671240336"/>
        <Attr Name="UsedIn" Val="synthesis"/>
        <Attr Name="UsedIn" Val="implementation"/>
        <Attr Name="UsedInSteps" Val="synth_1"/>
        <Attr Name="AutoDcp" Val="1"/>
      </FileInfo>
    </File>
    <File Path="$PSRCDIR/utils_1/imports/Desktop/bitstream.tcl">
      <FileInfo>
        <Attr Name="ImportPath" Val="$PPRDIR/../../OneDrive/Documents/bitstream.tcl"/>
        <Attr Name="ImportTime" Val="1671232293"/>
        <Attr Name="UsedIn" Val="synthesis"/>
        <Attr Name="UsedIn" Val="implementation"/>
        <Attr Name="UsedIn" Val="simulation"/>
        <Attr Name="UsedInSteps" Val="impl_1;WRITE_BITSTREAM;TCL.PRE"/>
      </FileInfo>
    </File>
    <Config>
      <Option Name="TopAutoSet" Val="TRUE"/>
    </Config>
  </FileSet>
  <Strategy Version="1" Minor="2">
    <StratHandle Name="Vivado Synthesis Defaults" Flow="Vivado Synthesis 2022"/>
    <Step Id="synth_design"/>
  </Strategy>
</GenRun>
